-- --------------------------------------------------------
-- Host:                         127.0.0.1
-- Server version:               10.3.31-MariaDB - mariadb.org binary distribution
-- Server OS:                    Win64
-- HeidiSQL Version:             11.3.0.6295
-- --------------------------------------------------------

/*!40101 SET @OLD_CHARACTER_SET_CLIENT=@@CHARACTER_SET_CLIENT */;
/*!40101 SET NAMES utf8 */;
/*!50503 SET NAMES utf8mb4 */;
/*!40014 SET @OLD_FOREIGN_KEY_CHECKS=@@FOREIGN_KEY_CHECKS, FOREIGN_KEY_CHECKS=0 */;
/*!40101 SET @OLD_SQL_MODE=@@SQL_MODE, SQL_MODE='NO_AUTO_VALUE_ON_ZERO' */;
/*!40111 SET @OLD_SQL_NOTES=@@SQL_NOTES, SQL_NOTES=0 */;


-- Dumping database structure for proyecto
CREATE DATABASE IF NOT EXISTS `proyecto` /*!40100 DEFAULT CHARACTER SET utf8 */;
USE `proyecto`;

-- Dumping structure for table proyecto.categories
CREATE TABLE IF NOT EXISTS `categories` (
  `id` int(11) NOT NULL AUTO_INCREMENT,
  `name` varchar(30) DEFAULT NULL,
  PRIMARY KEY (`id`),
  UNIQUE KEY `name` (`name`)
) ENGINE=InnoDB AUTO_INCREMENT=4 DEFAULT CHARSET=utf8;

-- Dumping data for table proyecto.categories: ~3 rows (approximately)
/*!40000 ALTER TABLE `categories` DISABLE KEYS */;
INSERT INTO `categories` (`id`, `name`) VALUES
	(2, 'Advertencia'),
	(3, 'Poco probable'),
	(1, 'Urgente');
/*!40000 ALTER TABLE `categories` ENABLE KEYS */;

-- Dumping structure for table proyecto.colores
CREATE TABLE IF NOT EXISTS `colores` (
  `id` int(11) NOT NULL AUTO_INCREMENT,
  `publico` varchar(50) DEFAULT NULL,
  `privado` varchar(50) DEFAULT NULL,
  PRIMARY KEY (`id`)
) ENGINE=InnoDB DEFAULT CHARSET=utf8;

-- Dumping data for table proyecto.colores: ~0 rows (approximately)
/*!40000 ALTER TABLE `colores` DISABLE KEYS */;
/*!40000 ALTER TABLE `colores` ENABLE KEYS */;

-- Dumping structure for table proyecto.denuncias
CREATE TABLE IF NOT EXISTS `denuncias` (
  `id` smallint(6) NOT NULL AUTO_INCREMENT,
  `titulo` varchar(40) NOT NULL,
  `fecha_creacion` datetime DEFAULT NULL,
  `fecha_cierre` datetime DEFAULT NULL,
  `descripcion` varchar(80) NOT NULL,
  `coordenadas` varchar(200) NOT NULL,
  `categoria_id` int(11) DEFAULT NULL,
  `estado_id` int(11) DEFAULT NULL,
  `asignado_a` int(11) DEFAULT NULL,
  `apellido_denunciante` varchar(20) NOT NULL,
  `nombre_denunciante` varchar(20) NOT NULL,
  `telefono_denunciante` int(11) NOT NULL,
  `email_denunciante` varchar(30) NOT NULL,
  PRIMARY KEY (`id`),
  UNIQUE KEY `titulo` (`titulo`),
  KEY `categoria_id` (`categoria_id`),
  KEY `estado_id` (`estado_id`),
  CONSTRAINT `denuncias_ibfk_1` FOREIGN KEY (`categoria_id`) REFERENCES `categories` (`id`),
  CONSTRAINT `denuncias_ibfk_2` FOREIGN KEY (`estado_id`) REFERENCES `statuses` (`id`)
) ENGINE=InnoDB AUTO_INCREMENT=15 DEFAULT CHARSET=utf8;

-- Dumping data for table proyecto.denuncias: ~1 rows (approximately)
/*!40000 ALTER TABLE `denuncias` DISABLE KEYS */;
INSERT INTO `denuncias` (`id`, `titulo`, `fecha_creacion`, `fecha_cierre`, `descripcion`, `coordenadas`, `categoria_id`, `estado_id`, `asignado_a`, `apellido_denunciante`, `nombre_denunciante`, `telefono_denunciante`, `email_denunciante`) VALUES
	(14, 'Calle inundada', '2021-11-19 13:51:06', NULL, 'ruta lenta', '-34.914328355661844#-57.93987616896631', 2, 4, 2, 'Lopez', 'Julian', 2132322, 'Julian33@gmail.com');
/*!40000 ALTER TABLE `denuncias` ENABLE KEYS */;

-- Dumping structure for table proyecto.elementos
CREATE TABLE IF NOT EXISTS `elementos` (
  `id` int(11) NOT NULL AUTO_INCREMENT,
  `cant` int(11) DEFAULT NULL,
  PRIMARY KEY (`id`)
) ENGINE=InnoDB AUTO_INCREMENT=2 DEFAULT CHARSET=utf8;

-- Dumping data for table proyecto.elementos: ~0 rows (approximately)
/*!40000 ALTER TABLE `elementos` DISABLE KEYS */;
/*!40000 ALTER TABLE `elementos` ENABLE KEYS */;

-- Dumping structure for table proyecto.issues
CREATE TABLE IF NOT EXISTS `issues` (
  `id` int(11) NOT NULL AUTO_INCREMENT,
  `email` varchar(30) DEFAULT NULL,
  `description` varchar(30) DEFAULT NULL,
  `category_id` int(11) DEFAULT NULL,
  `status_id` int(11) DEFAULT NULL,
  PRIMARY KEY (`id`),
  UNIQUE KEY `email` (`email`),
  UNIQUE KEY `description` (`description`),
  KEY `category_id` (`category_id`),
  KEY `status_id` (`status_id`),
  CONSTRAINT `issues_ibfk_1` FOREIGN KEY (`category_id`) REFERENCES `categories` (`id`),
  CONSTRAINT `issues_ibfk_2` FOREIGN KEY (`status_id`) REFERENCES `statuses` (`id`)
) ENGINE=InnoDB AUTO_INCREMENT=3 DEFAULT CHARSET=utf8;

-- Dumping data for table proyecto.issues: ~0 rows (approximately)
/*!40000 ALTER TABLE `issues` DISABLE KEYS */;
/*!40000 ALTER TABLE `issues` ENABLE KEYS */;

-- Dumping structure for table proyecto.ordenacion
CREATE TABLE IF NOT EXISTS `ordenacion` (
  `id` int(11) NOT NULL AUTO_INCREMENT,
  `orderBy` varchar(50) DEFAULT NULL,
  `lista` varchar(50) DEFAULT NULL,
  PRIMARY KEY (`id`)
) ENGINE=InnoDB AUTO_INCREMENT=2 DEFAULT CHARSET=utf8;

-- Dumping data for table proyecto.ordenacion: ~0 rows (approximately)
/*!40000 ALTER TABLE `ordenacion` DISABLE KEYS */;
INSERT INTO `ordenacion` (`id`, `orderBy`, `lista`) VALUES
	(1, 'titulo', 'denuncias');
/*!40000 ALTER TABLE `ordenacion` ENABLE KEYS */;

-- Dumping structure for table proyecto.permisos
CREATE TABLE IF NOT EXISTS `permisos` (
  `id` int(11) NOT NULL AUTO_INCREMENT,
  `name` varchar(30) DEFAULT NULL,
  PRIMARY KEY (`id`),
  UNIQUE KEY `name` (`name`)
) ENGINE=InnoDB AUTO_INCREMENT=24 DEFAULT CHARSET=utf8;

-- Dumping data for table proyecto.permisos: ~21 rows (approximately)
/*!40000 ALTER TABLE `permisos` DISABLE KEYS */;
INSERT INTO `permisos` (`id`, `name`) VALUES
	(13, 'denuncia_cerrar'),
	(10, 'denuncia_confirmar'),
	(11, 'denuncia_create'),
	(4, 'denuncia_destroy'),
	(1, 'denuncia_index'),
	(12, 'denuncia_new'),
	(3, 'denuncia_resuelta'),
	(5, 'denuncia_sinConfirmar'),
	(2, 'denuncia_update'),
	(16, 'punto_encuentro_create'),
	(14, 'punto_encuentro_index'),
	(15, 'punto_encuentro_new'),
	(22, 'seguimiento_destroy'),
	(23, 'seguimiento_update'),
	(7, 'user_create'),
	(9, 'user_destroy'),
	(6, 'user_index'),
	(8, 'user_update'),
	(20, 'zona_inundable_destroy'),
	(19, 'zona_inundable_importar'),
	(17, 'zona_inundable_index'),
	(21, 'zona_inundable_show'),
	(18, 'zona_inundable_update');
/*!40000 ALTER TABLE `permisos` ENABLE KEYS */;

-- Dumping structure for table proyecto.puntosdeencuentro
CREATE TABLE IF NOT EXISTS `puntosdeencuentro` (
  `id` int(11) NOT NULL AUTO_INCREMENT,
  `nombre` varchar(40) NOT NULL,
  `direccion` varchar(30) NOT NULL,
  `coordenadas` varchar(80) DEFAULT NULL,
  `estado_id` int(11) DEFAULT NULL,
  `telefono` varchar(30) DEFAULT NULL,
  `email` varchar(40) DEFAULT NULL,
  PRIMARY KEY (`id`),
  UNIQUE KEY `nombre` (`nombre`),
  UNIQUE KEY `direccion` (`direccion`),
  KEY `estado_id` (`estado_id`),
  CONSTRAINT `puntosdeencuentro_ibfk_1` FOREIGN KEY (`estado_id`) REFERENCES `statuses` (`id`)
) ENGINE=InnoDB DEFAULT CHARSET=utf8;

-- Dumping data for table proyecto.puntosdeencuentro: ~0 rows (approximately)
/*!40000 ALTER TABLE `puntosdeencuentro` DISABLE KEYS */;
/*!40000 ALTER TABLE `puntosdeencuentro` ENABLE KEYS */;

-- Dumping structure for table proyecto.puntos_de_encuentro
CREATE TABLE IF NOT EXISTS `puntos_de_encuentro` (
  `id` smallint(6) NOT NULL AUTO_INCREMENT,
  `nombre` varchar(40) NOT NULL,
  `direccion` varchar(30) NOT NULL,
  `coordenadas` varchar(80) DEFAULT NULL,
  `estado` tinyint(1) DEFAULT NULL,
  `telefono` varchar(30) DEFAULT NULL,
  `email` varchar(40) DEFAULT NULL,
  PRIMARY KEY (`id`),
  UNIQUE KEY `nombre` (`nombre`),
  UNIQUE KEY `direccion` (`direccion`)
) ENGINE=InnoDB AUTO_INCREMENT=3 DEFAULT CHARSET=utf8;

-- Dumping data for table proyecto.puntos_de_encuentro: ~2 rows (approximately)
/*!40000 ALTER TABLE `puntos_de_encuentro` DISABLE KEYS */;
INSERT INTO `puntos_de_encuentro` (`id`, `nombre`, `direccion`, `coordenadas`, `estado`, `telefono`, `email`) VALUES
	(1, 'Estadio', '25', '', 0, '22164586', 'estadio@gmail.com'),
	(2, 'plaza', '75', '', 0, '2216458642', 'plaza@gmail.com');
/*!40000 ALTER TABLE `puntos_de_encuentro` ENABLE KEYS */;

-- Dumping structure for table proyecto.recorridos
CREATE TABLE IF NOT EXISTS `recorridos` (
  `id` smallint(6) NOT NULL AUTO_INCREMENT,
  `nombre` varchar(40) NOT NULL,
  `descripcion` varchar(80) DEFAULT NULL,
  `coordenadas` varchar(80) DEFAULT NULL,
  `estado` tinyint(1) DEFAULT NULL,
  PRIMARY KEY (`id`),
  UNIQUE KEY `nombre` (`nombre`)
) ENGINE=InnoDB DEFAULT CHARSET=utf8;

-- Dumping data for table proyecto.recorridos: ~0 rows (approximately)
/*!40000 ALTER TABLE `recorridos` DISABLE KEYS */;
/*!40000 ALTER TABLE `recorridos` ENABLE KEYS */;

-- Dumping structure for table proyecto.roles
CREATE TABLE IF NOT EXISTS `roles` (
  `id` int(11) NOT NULL AUTO_INCREMENT,
  `name` varchar(30) DEFAULT NULL,
  PRIMARY KEY (`id`),
  UNIQUE KEY `name` (`name`)
) ENGINE=InnoDB AUTO_INCREMENT=3 DEFAULT CHARSET=utf8;

-- Dumping data for table proyecto.roles: ~2 rows (approximately)
/*!40000 ALTER TABLE `roles` DISABLE KEYS */;
INSERT INTO `roles` (`id`, `name`) VALUES
	(1, 'admin'),
	(2, 'operador');
/*!40000 ALTER TABLE `roles` ENABLE KEYS */;

-- Dumping structure for table proyecto.roles_permisos
CREATE TABLE IF NOT EXISTS `roles_permisos` (
  `id` int(11) NOT NULL AUTO_INCREMENT,
  `rol_id` int(11) DEFAULT NULL,
  `permiso_id` int(11) DEFAULT NULL,
  PRIMARY KEY (`id`),
  KEY `rol_id` (`rol_id`),
  KEY `permiso_id` (`permiso_id`),
  CONSTRAINT `roles_permisos_ibfk_1` FOREIGN KEY (`rol_id`) REFERENCES `roles` (`id`),
  CONSTRAINT `roles_permisos_ibfk_2` FOREIGN KEY (`permiso_id`) REFERENCES `permisos` (`id`)
) ENGINE=InnoDB AUTO_INCREMENT=24 DEFAULT CHARSET=utf8;

-- Dumping data for table proyecto.roles_permisos: ~21 rows (approximately)
/*!40000 ALTER TABLE `roles_permisos` DISABLE KEYS */;
INSERT INTO `roles_permisos` (`id`, `rol_id`, `permiso_id`) VALUES
	(1, 1, 1),
	(2, 1, 2),
	(3, 1, 3),
	(4, 1, 4),
	(5, 1, 5),
	(6, 1, 6),
	(7, 1, 7),
	(8, 1, 8),
	(9, 1, 9),
	(10, 1, 10),
	(11, 1, 11),
	(12, 1, 12),
	(13, 1, 13),
	(14, 1, 14),
	(15, 1, 15),
	(16, 1, 16),
	(17, 1, 17),
	(18, 1, 18),
	(19, 1, 19),
	(20, 1, 20),
	(21, 1, 21),
	(22, 1, 22),
	(23, 1, 23);
/*!40000 ALTER TABLE `roles_permisos` ENABLE KEYS */;

-- Dumping structure for table proyecto.seguimientos
CREATE TABLE IF NOT EXISTS `seguimientos` (
  `id` smallint(6) NOT NULL AUTO_INCREMENT,
  `descripcion` varchar(80) DEFAULT NULL,
  `autor` smallint(6) DEFAULT NULL,
  `fecha` date DEFAULT NULL,
  `denuncia_id` smallint(6) DEFAULT NULL,
  PRIMARY KEY (`id`),
  KEY `seguimiento_ibfk_1` (`denuncia_id`),
  CONSTRAINT `seguimiento_ibfk_1` FOREIGN KEY (`denuncia_id`) REFERENCES `denuncias` (`id`) ON DELETE CASCADE
) ENGINE=InnoDB AUTO_INCREMENT=7 DEFAULT CHARSET=utf8;

-- Dumping data for table proyecto.seguimientos: ~2 rows (approximately)
/*!40000 ALTER TABLE `seguimientos` DISABLE KEYS */;
INSERT INTO `seguimientos` (`id`, `descripcion`, `autor`, `fecha`, `denuncia_id`) VALUES
	(5, 'Seguimiento 1', 2, '2021-11-19', 14),
	(6, 'Seguimiento 2', 2, '2021-11-19', 14);
/*!40000 ALTER TABLE `seguimientos` ENABLE KEYS */;

-- Dumping structure for table proyecto.statuses
CREATE TABLE IF NOT EXISTS `statuses` (
  `id` int(11) NOT NULL AUTO_INCREMENT,
  `name` varchar(30) DEFAULT NULL,
  PRIMARY KEY (`id`),
  UNIQUE KEY `name` (`name`)
) ENGINE=InnoDB AUTO_INCREMENT=7 DEFAULT CHARSET=utf8;

-- Dumping data for table proyecto.statuses: ~6 rows (approximately)
/*!40000 ALTER TABLE `statuses` DISABLE KEYS */;
INSERT INTO `statuses` (`id`, `name`) VALUES
	(1, 'active'),
	(6, 'Cerrada'),
	(4, 'En curso'),
	(2, 'inactive'),
	(5, 'Resuelta'),
	(3, 'Sin confirmar');
/*!40000 ALTER TABLE `statuses` ENABLE KEYS */;

-- Dumping structure for table proyecto.users
CREATE TABLE IF NOT EXISTS `users` (
  `id` int(11) NOT NULL AUTO_INCREMENT,
  `first_name` varchar(30) DEFAULT NULL,
  `last_name` varchar(30) DEFAULT NULL,
  `email` varchar(30) DEFAULT NULL,
  `password` varchar(300) DEFAULT NULL,
  `bloqueado` tinyint(1) DEFAULT NULL,
  `username` varchar(39) DEFAULT NULL,
  `espera` tinyint(1) DEFAULT NULL,
  PRIMARY KEY (`id`),
  UNIQUE KEY `email` (`email`),
  UNIQUE KEY `username` (`username`)
) ENGINE=InnoDB AUTO_INCREMENT=4 DEFAULT CHARSET=utf8;

-- Dumping data for table proyecto.users: ~3 rows (approximately)
/*!40000 ALTER TABLE `users` DISABLE KEYS */;
INSERT INTO `users` (`id`, `first_name`, `last_name`, `email`, `password`, `bloqueado`, `username`) VALUES
	(1, 'cosme', 'fulanito', 'admin@gmail.com', '123123', 0, 'admin'),
	(2, 'martin', 'Lopez', 'martin99@hotmail.com', 'pbkdf2:sha256:260000$U8sakHFEiHozGTDl$94bbd87ea23d4c142b1c105faedbc626974b1b7dd0cb2d73991e88609b64b1a7', 0, 'martin99'),
	(3, 'Pedro', 'perez', 'pedro88@hotmail.com', 'pbkdf2:sha256:260000$bLfNn71DYMtUIVQp$fe6ddfc0f6e15de99b40d053c68188e988ee90dd6a5d17f6a300f1926213a889', 0, 'pedro88');
/*!40000 ALTER TABLE `users` ENABLE KEYS */;

-- Dumping structure for table proyecto.users_roles
CREATE TABLE IF NOT EXISTS `users_roles` (
  `id` int(11) NOT NULL AUTO_INCREMENT,
  `user_id` int(11) DEFAULT NULL,
  `rol_id` int(11) DEFAULT NULL,
  PRIMARY KEY (`id`),
  KEY `user_id` (`user_id`),
  KEY `rol_id` (`rol_id`),
  CONSTRAINT `users_roles_ibfk_1` FOREIGN KEY (`user_id`) REFERENCES `users` (`id`),
  CONSTRAINT `users_roles_ibfk_2` FOREIGN KEY (`rol_id`) REFERENCES `roles` (`id`)
) ENGINE=InnoDB AUTO_INCREMENT=3 DEFAULT CHARSET=utf8;

-- Dumping data for table proyecto.users_roles: ~2 rows (approximately)
/*!40000 ALTER TABLE `users_roles` DISABLE KEYS */;
INSERT INTO `users_roles` (`id`, `user_id`, `rol_id`) VALUES
	(1, 1, 1),
	(2, 2, 1);
/*!40000 ALTER TABLE `users_roles` ENABLE KEYS */;

-- Dumping structure for table proyecto.zonas_inundables
CREATE TABLE IF NOT EXISTS `zonas_inundables` (
  `id` smallint(6) NOT NULL AUTO_INCREMENT,
  `codigo` varchar(10) NOT NULL,
  `nombre` varchar(30) NOT NULL,
  `coordenadas` text NOT NULL,
  `estado` tinyint(1) DEFAULT NULL,
  `color` varchar(15) DEFAULT NULL,
  PRIMARY KEY (`id`),
  UNIQUE KEY `codigo` (`codigo`),
  UNIQUE KEY `nombre` (`nombre`)
) ENGINE=InnoDB AUTO_INCREMENT=16 DEFAULT CHARSET=utf8;

-- Dumping data for table proyecto.zonas_inundables: ~4 rows (approximately)
/*!40000 ALTER TABLE `zonas_inundables` DISABLE KEYS */;
INSERT INTO `zonas_inundables` (`id`, `codigo`, `nombre`, `coordenadas`, `estado`, `color`) VALUES
	(11, 'CBOL7HLG6B', 'Ensenada', '-34.83248314708783#-57.92995936644729@-34.833752198627664#-57.929616043693386@-34.83466872368624#-57.92978770507034@-34.836008241957366#-57.930216858512736@-34.836854242267776#-57.93081767333206@-34.837700233884426#-57.93159014952836@-34.83847571856243#-57.932276795036174@-34.83911020059258#-57.93287760985551@-34.83981517489045#-57.933650086051784@-34.84044964659643#-57.93407923949418@-34.8412956012637#-57.934851715690456@-34.84228253738696#-57.9351092077559@-34.84312847321662#-57.934765885001994@-34.84439736065904#-57.93399340880569@-34.84538425958934#-57.93270594847856@-34.84672360349427#-57.930216858512736@-34.84771047452892#-57.92884356749711@-34.84876782321874#-57.927470276481486@-34.85031857672143#-57.926011154777385@-34.85158735330377#-57.92420871031936@-34.852954783719454#-57.92142780439463@-34.85358915413069#-57.92039783613291@-34.854082549957766#-57.91919620649424@-34.85513981676634#-57.91619213239756@-34.85570368684195#-57.91396053449717@-34.85647900188539#-57.91232975141612@-34.857183827402274#-57.90992649213877@-34.858170572980534#-57.90675075666514@-34.85894586477417#-57.9032316984376@-34.85929826771931#-57.900141793652445@-34.85986210929121#-57.89876850263682@-34.86061938891707#-57.89939786307515@-34.86146513624135#-57.90017033927143@-34.86386137309965#-57.901114476844675@-34.86456613535961#-57.90077115409077@-34.86597564176101#-57.89948369376362@-34.86731465046574#-57.89793874137104@-34.865263108065825#-57.89679166744464@-34.86258500204472#-57.895418376429014@-34.86004776852838#-57.89395925472492@-34.857580938684755#-57.893100947840146@-34.85469112963872#-57.891899318201475@-34.85194219268384#-57.89044019649737@-34.849735711723426#-57.88907019537874@-34.8455767774189#-57.887010258855305@-34.84381445372079#-57.88589445990511@-34.84120614539369#-57.884263676824055@-34.83909124012565#-57.88340536993929@-34.83676478157116#-57.88220374030062@-34.83373323692671#-57.8811737720389@-34.83218217092004#-57.88031546515413@-34.83175914784717#-57.87945715826937@-34.82964399988373#-57.880744618596516@-34.828797925485645#-57.88143126410433@-34.828586405527865#-57.88340536993929@-34.82865691224083#-57.88692442816683@-34.82851589875454#-57.88967101019808@-34.828233871057584#-57.891988438786946@-34.8280928568469#-57.89593665045687@-34.82833808448374#-57.89925102784765@-34.82876112513164#-57.90259842469823@-34.828972644640636#-57.905087514664054@-34.82932517594829#-57.90723328187597@-34.82967770574678#-57.909550710464835@-34.83010073951282#-57.910323186661124@-34.830241750285225#-57.913327260757804@-34.83038276081616#-57.91470055177343@-34.83038276081616#-57.916502996231436@-34.831087809848746#-57.92011870304124@-34.831087809848746#-57.922006978187724@-34.831369827771454#-57.923723591957256@-34.831792852844465#-57.92483939090745@-34.83200436456598#-57.927156819496304', 0, '#fb3715'),
	(12, 'DQ2RETQ3CM', 'Berisso', '-34.82720050210121#-57.87408828735352@-34.83030279257369#-57.87546157836914@-34.83382798079101#-57.87683486938477@-34.83636602285396#-57.8782081604004@-34.83735301808148#-57.87872314453126@-34.83876299073662#-57.879753112792976@-34.8400319454781#-57.88061141967774@-34.841889000902036#-57.882077896501876@-34.844144821246005#-57.882592880632735@-34.84680163436547#-57.88421630859376@-34.84792948494094#-57.88438796997071@-34.84962123182082#-57.88490295410157@-34.85145391835838#-57.88576126098633@-34.852722677433675#-57.88696289062501@-34.854132386793104#-57.88816452026368@-34.85582400614023#-57.889022827148445@-34.85737462665221#-57.889537811279304@-34.85892521793584#-57.89022445678712@-34.859770982680025#-57.89056777954102@-34.861321528791464#-57.891769409179695@-34.86273109080081#-57.89297103881837@-34.86385872301499#-57.89382934570313@-34.86540919206474#-57.89434432983399@-34.86695963188314#-57.895030975341804@-34.86794626018399#-57.89554595947266@-34.868932876647#-57.89640426635742@-34.86865098743696#-57.8946876525879@-34.869073820889646#-57.89279937744141@-34.86851004246955#-57.89194107055665@-34.86738247403301#-57.89056777954102@-34.866254890134904#-57.88970947265626@-34.86456348529766#-57.88833618164063@-34.8630130003038#-57.88747787475587@-34.861321528791464#-57.88627624511719@-34.859348101394986#-57.88541793823243@-34.85892521793584#-57.88473129272462@-34.85864329442194#-57.88284301757813@-34.85906617933046#-57.88061141967774@-34.86047577999055#-57.87872314453126@-34.86288412455835#-57.87717819213868@-34.863447941548955#-57.87649154663087@-34.86513936932944#-57.87408828735352@-34.86598507017437#-57.87048339843751@-34.86725360513483#-57.86825180053712@-34.86852212052676#-57.86790847778321@-34.86894495464212#-57.86739349365235@-34.870747609928245#-57.86455012159423@-34.87102949195052#-57.86231852369384@-34.87159325309587#-57.859571941662594@-34.871875132218925#-57.85545206861571@-34.87229794909151#-57.8521905024536@-34.87257982579855#-57.849787243176266@-34.87342545012115#-57.846868999768056@-34.874552935688016#-57.84618235426024@-34.87517304099755#-57.84350937581622@-34.87545490784701#-57.83973282552325@-34.87559584090933#-57.83578461385333@-34.87489117318164#-57.83389633870684@-34.87390462821523#-57.83235138631427@-34.87164962383643#-57.828574836021296@-34.870381156693114#-57.827373206382624@-34.86981738723677#-57.825828253990046@-34.869535501059026#-57.8234249947127@-34.86925361391491#-57.822395026450984@-34.868267001300296#-57.82050675130451@-34.86742132392294#-57.81964844441974@-34.86671658613143#-57.819133460288874@-34.86301963335572#-57.82730944105425@-34.859405229039325#-57.83228669897654@-34.85827753576692#-57.83400331274607@-34.856022102843#-57.838123185792945@-34.85404854830851#-57.84189973608592@-34.85165202558364#-57.84704957739451@-34.85038324999858#-57.84876619116404@-34.84587188947378#-57.85494600073435@-34.84460302476501#-57.8576925827656@-34.84291117472225#-57.859924180666@-34.83980935931925#-57.86438737646677@-34.83825840778491#-57.866618974367164@-34.83572042406191#-57.868850572267554@-34.832618337701206#-57.871768815675765@-34.831067250692115#-57.87194047705272@-34.82909309769527#-57.87331376806834', 0, '#fb3715'),
	(13, 'OPICL4IIKG', 'El Gato', '-34.84162403503468#-57.94384109205567@-34.842469977632234#-57.94607268995606@-34.84387986264061#-57.94761764234864@-34.84557169277076#-57.95122253126466@-34.846417594793834#-57.95208083814942@-34.84796839258701#-57.95379745191895@-34.848955248693805#-57.954484097426764@-34.85202449620024#-57.95770642580465@-34.85357518832605#-57.96216962160543@-34.85653551940671#-57.96474454225973@-34.8576632365603#-57.965602849144496@-34.85935478330367#-57.96817776979879@-34.86146916781642#-57.97092435183004@-34.86330159042857#-57.971610997337855@-34.865556823751916#-57.97298428835348@-34.86795294139417#-57.97504422487692@-34.869926162321825#-57.97624585451559@-34.87175839649753#-57.97847745241598@-34.87373152610097#-57.98070905031637@-34.87528180899704#-57.98276898683981@-34.877254854037105#-57.98448560060934@-34.87922785171992#-57.98620221437887@-34.880778030961736#-57.98740384401754@-34.882469102244244#-57.98894879641012@-34.883596463768576#-57.9904937488027@-34.884844592302485#-57.99266157089733@-34.88709923471215#-57.99626645981335@-34.88935381525966#-57.99815473495983@-34.891044710072215#-58.00004301010632@-34.8934400848203#-57.99969968735241@-34.895412693935555#-57.99918470322155@-34.89837151879258#-57.99918470322155@-34.90006222800055#-57.998841380467645@-34.90245733980199#-57.99952802597546@-34.903443542006066#-58.00004301010632@-34.90640207755796#-58.0019312852528@-34.90893788033419#-58.003132914891474@-34.910769244744614#-58.00399122177624@-34.913304912641316#-58.004849528661005@-34.915269074558296#-58.005310103762895@-34.918368043693796#-58.0056534265168@-34.91991748438497#-58.006511733401574@-34.921185186829284#-58.007713363040246@-34.92188945750359#-58.01011662231759@-34.923157129486675#-58.01183323608712@-34.92404649815302#-58.013947120634846@-34.9260183720533#-58.01566373440438@-34.92799019856675#-58.01617871853524@-34.929398617063306#-58.01480542751961@-34.929680297861275#-58.011715522734455@-34.929680297861275#-58.00862561794929@-34.92953945758318#-58.007252326933674@-34.92742682439837#-58.00553571316414@-34.92573667868304#-58.00433408352547@-34.923060543433174#-57.99935590359382@-34.92094774342894#-57.99901258083992@-34.917426289212244#-57.99866925808601@-34.914468150908064#-57.997295967070386@-34.91235512970813#-57.99557935330086@-34.91052380067373#-57.993519416777424@-34.9086924307884#-57.99145948025399@-34.90502956846867#-57.9895712051075@-34.90207098346726#-57.989227882353596@-34.89868961295038#-57.987854591337964@-34.89685797912813#-57.98630963894539@-34.89558990101718#-57.984078041045@-34.89009175414815#-57.981857245322324@-34.88544165574857#-57.97773737227545@-34.88177775651642#-57.97516245162115@-34.877972765195146#-57.97190088545904@-34.874872271662454#-57.96572107588873@-34.87134884161093#-57.964862769003965@-34.86514723797577#-57.96228784834967@-34.86070112668109#-57.95725572039374@-34.859432490649695#-57.95416581560858@-34.85647226381794#-57.95107591082343@-34.85153831571121#-57.94523942400702@-34.847329125721494#-57.94192390982062@-34.84577831588139#-57.938662343658514@-34.84465043582396#-57.93625908438117@-34.84027975460647#-57.93728905264289@-34.84042074794578#-57.940378957428045', 0, '#fb3715'),
	(15, 'ZEV9TLR5CG', 'La Plata 2', '-34.90177908280255#-57.933368805097416@-34.90346914672711#-57.933883789228275@-34.90530001006254#-57.9345704347361@-34.90656750692069#-57.935772064374774@-34.90783498421369#-57.93663037125954@-34.908820786359335#-57.93766033952126@-34.90994740288978#-57.938518646406024@-34.911496475376545#-57.93954861466774@-34.911842545086934#-57.940692901611335@-34.91233542357999#-57.941207885742195@-34.9130395305797#-57.94180870056153@-34.91367322171601#-57.94249534606934@-34.91444772646174#-57.94326782226563@-34.91571508210138#-57.9441261291504@-34.916348752583446#-57.94455528259277@-34.917052825159445#-57.94489860534668@-34.91817932871893#-57.94481277465821@-34.919094601476566#-57.94481277465821@-34.920150672744505#-57.94472694396973@-34.92120673042317#-57.944469451904304@-34.92212196941902#-57.944040298461914@-34.923107599999234#-57.94361114501954@-34.923952416788616#-57.94326782226563@-34.92529002558404#-57.942924499511726@-34.926557213803136#-57.94240951538087@-34.92768358690194#-57.94206619262696@-34.928035575324174#-57.94206619262696@-34.92895073815489#-57.94258117675782@-34.92993628671012#-57.942924499511726@-34.93148498194821#-57.94283866882325@-34.932188924664295#-57.942924499511726@-34.93289286133977#-57.942924499511726@-34.933315220445564#-57.942667007446296@-34.933456006330886#-57.94180870056153@-34.933737577376675#-57.94112205505372@-34.933807969987114#-57.94052124023438@-34.93296325467508#-57.940177917480476@-34.93183695406132#-57.94000625610352@-34.93064024271538#-57.939920425415046@-34.929443513912396#-57.93957710266114@-34.92838756223637#-57.939491271972656@-34.927190800573854#-57.93957710266114@-34.92381161459439#-57.93940544128419@-34.922966796355425#-57.93974876403809@-34.921910761325954#-57.94026374816895@-34.92099551997459#-57.94077873229981@-34.92008026841608#-57.941207885742195@-34.919305816817285#-57.941207885742195@-34.91824973467806#-57.94103622436524@-34.917404859182625#-57.94026374816895@-34.917052825159445#-57.9393196105957@-34.916348752583446#-57.93854713439942@-34.916348752583446#-57.93803215026856@-34.91663038233857#-57.93760299682618@-34.91775689169598#-57.93674468994141@-34.91853135791056#-57.93631553649903@-34.918953790947455#-57.9360580444336@-34.919587436426035#-57.93580055236817@-34.919587436426035#-57.934942245483406@-34.91832014057678#-57.93477058410645@-34.91726404575454#-57.93485641479493@-34.91641916011283#-57.935199737548835@-34.91571508210138#-57.935714721679695@-34.91536304083093#-57.93631553649903@-34.91487018051578#-57.93674468994141@-34.9130395305797#-57.93674468994141@-34.91247624546305#-57.93683052062989@-34.91127925175715#-57.93665885925294@-34.91036389185305#-57.93631553649903@-34.909730175171674#-57.9360580444336@-34.90909645359885#-57.93554306030274@-34.908321898367106#-57.9345989227295@-34.907758580881826#-57.93374061584473@-34.90719525953179#-57.932968139648445@-34.906350270260305#-57.93253898620606@-34.90578693924843#-57.932195663452156@-34.90529402144279#-57.931938171386726@-34.9042377590386#-57.93142318725587@-34.90374483193367#-57.930994033813484@-34.90304064522261#-57.930479049682624@-34.90247729150613#-57.92979240417481@-34.902336452473165#-57.928934097290046@-34.90275896884744#-57.92807579040528@-34.903463157973846#-57.92738914489747@-34.904096923024824#-57.926702499389656@-34.90501235279681#-57.92532920837403@-34.90578693924843#-57.92404174804688@-34.9064911024094#-57.92318344116212@-34.90663193431698#-57.92275428771973@-34.90670235018016#-57.92189598083497@-34.90719525953179#-57.9210376739502@-34.908040240107574#-57.91966438293458@-34.908744383944764#-57.918977737426765@-34.909307694666616#-57.91820526123047@-34.90980058837783#-57.91777610778809@-34.91029347913001#-57.91657447814942@-34.911068015762034#-57.915716171264656@-34.91177213363206#-57.91460037231446@-34.91247624546305#-57.913742065429695@-34.91409567975592#-57.91288375854493@-34.91487018051578#-57.91262626647949@-34.915151815343904#-57.91193962097169@-34.91592630613896#-57.91108131408692@-34.91663038233857#-57.91065216064454@-34.917123232084855#-57.90987968444825@-34.91754567236916#-57.90884971618653@-34.91824973467806#-57.908506393432624@-34.919235411764134#-57.90833473205567@-34.91993945957805#-57.90893554687501@-34.920432289454226#-57.909965515136726@-34.92106592351787#-57.91082382202149@-34.92113632700073#-57.911510467529304@-34.92212196941902#-57.91417121887208@-34.92275559043671#-57.91537284851075@-34.923037198207545#-57.91631698608399@-34.92338920656208#-57.91717529296876@-34.92345960805181#-57.917518615722656@-34.92388201572168#-57.918119430542@-34.924445222565836#-57.91889190673829@-34.92493802538348#-57.919750213623054@-34.9255012249796#-57.92026519775391@-34.92620521903865#-57.9210376739502@-34.926557213803136#-57.921466827392585@-34.92796517776052#-57.92112350463868@-34.9285283565784#-57.921981811523445@-34.92916192812766#-57.92232513427735@-34.92986589077741#-57.92318344116212@-34.93078103319155#-57.92387008666993@-34.93162577097466#-57.92481422424317@-34.93232971248263#-57.925243377685554@-34.93296325467508#-57.92593002319337@-34.933526399182945#-57.926445007324226@-34.934159932133156#-57.92730331420899@-34.935004635122056#-57.92841911315919@-34.93556776561533#-57.92876243591309@-34.93627167329513#-57.929019927978516@-34.93669401500337#-57.92927742004395@-34.937327523488094#-57.92962074279786@-34.937257133898086#-57.92919158935547@-34.93683479508952#-57.92876243591309@-34.936482844421086#-57.92790412902833@-34.93613089224246#-57.92687416076661@-34.93535659213339#-57.92593002319337@-34.93465267660047#-57.9250717163086@-34.93387836253714#-57.924470901489265@-34.93317443431857#-57.92387008666993@-34.93232971248263#-57.92292594909668@-34.9316961653973#-57.922239303588874@-34.93120340317042#-57.921724319458015@-34.930569847386664#-57.92112350463868@-34.92979549478424#-57.92052268981934@-34.9290211348729#-57.91966438293458@-34.92831716497472#-57.918720245361335@-34.927770071697175#-57.917834964464426@-34.92692529421318#-57.917577472398996@-34.92629170539218#-57.917319980333566@-34.92558771207516#-57.91611835069489@-34.92544691268694#-57.915345874498605@-34.925024513072685#-57.91423007554841@-34.92474291212182#-57.9135434300406@-34.92417970732089#-57.91277095384431@-34.923546097299244#-57.911826816271066@-34.92319408961771#-57.91105434007478@-34.92298288428396#-57.910196033190005@-34.922630874186474#-57.909080234239816@-34.92241966740318#-57.908136096666574@-34.92234926502128#-57.90727778978181@-34.92192684946152#-57.90624782152009@-34.92150443172746#-57.90564700670075@-34.921011608289625#-57.90521785325837@-34.92108201181906#-57.904960361192934@-34.92094120469976#-57.90418788499665@-34.92319408961771#-57.90178462571931@-34.92389810347083#-57.90118381089997@-34.92481331245014#-57.90075465745759@-34.92523571315161#-57.90058299608064@-34.92601010879018#-57.89981051988435@-34.92650290220948#-57.89895221299958@-34.927277285888565#-57.8970639378531@-34.92769967390572#-57.89517566270661@-34.92741808213587#-57.893888202379465@-34.92664369978565#-57.89268657274079@-34.92572851122178#-57.89182826585603@-34.92616108638542#-57.89095317944885@-34.92524589243857#-57.8896657191217@-34.92404908495206#-57.88846408948303@-34.92285226001005#-57.887090798467405@-34.9215850145752#-57.88571750745178@-34.92031774957147#-57.884086724370725@-34.91876884354785#-57.883056756109006@-34.91799437957418#-57.8827134333551@-34.916304614629425#-57.884859200567014@-34.91644542970348#-57.88640415295959@-34.917853567157444#-57.88717662915589@-34.918698438034035#-57.88794910535217@-34.91940249045431#-57.88854992017151@-34.920106536835#-57.89026653394104@-34.92074017341369#-57.89206897839905@-34.92109219162127#-57.892755623906865@-34.92144420831893#-57.89344226941468@-34.921514611477285#-57.89361393079163@-34.921514611477285#-57.894815560430295@-34.92045855776047#-57.89730465039612@-34.91996572804202#-57.89764797315003@-34.919332085484086#-57.897991295903935@-34.91848722113023#-57.89713298901917@-34.917923973396015#-57.89653217419983@-34.91736072179652#-57.89824878796936@-34.91672705912689#-57.8988496027887@-34.915741351917404#-57.89833461865784@-34.91496685937727#-57.897562142461545@-34.91398113103017#-57.896103020757444@-34.91334744227078#-57.89575969800354@-34.91200963882571#-57.898077126592405@-34.89947547409138#-57.9197064600885@-34.8969402418856#-57.92434131726624@-34.894616210289#-57.928804513067014@-34.89517961792595#-57.93034946545959@-34.89609514709447#-57.93129360303284@-34.89708109017214#-57.93240940198303@-34.897926174819645#-57.93318187817932@-34.899545896091155#-57.93515598401429@-34.900038848399085#-57.935756798833616', 0, '#fb3715');
/*!40000 ALTER TABLE `zonas_inundables` ENABLE KEYS */;

/*!40101 SET SQL_MODE=IFNULL(@OLD_SQL_MODE, '') */;
/*!40014 SET FOREIGN_KEY_CHECKS=IFNULL(@OLD_FOREIGN_KEY_CHECKS, 1) */;
/*!40101 SET CHARACTER_SET_CLIENT=@OLD_CHARACTER_SET_CLIENT */;
/*!40111 SET SQL_NOTES=IFNULL(@OLD_SQL_NOTES, 1) */;
